{
  "name": "cldr-data",
  "main": "index.json",
  "version": "29.0.0",
  "homepage": "https://github.com/rxaviers/cldr-data-bower",
  "authors": [
    "Rafael Xavier de Souza <rxaviers@gmail.com>"
  ],
  "description": "Bower module for Unicode CLDR JSON data",
  "moduleType": [
    "amd",
    "globals"
  ],
  "keywords": [
    "Unicode",
    "CLDR",
    "JSON",
    "data"
  ],
  "license": "MIT",
  "_release": "29.0.0",
  "_resolution": {
    "type": "version",
    "tag": "29.0.0",
    "commit": "2bbb69cc3d10d14b4d39d6359d0f56089166ac1f"
  },
  "_source": "https://github.com/rxaviers/cldr-data-bower.git",
  "_target": ">=25",
  "_originalSource": "cldr-data"
}